chr16,53785981,rs11075990,A,G,0.518719617229,0.000833333333333,1,1000GENOMES:phase_3:CEU,0.97973,rs10468280,53827479,chr16,53793567,A,G,0.487163845855,0,0.000898100863841605,0
chr16,53785981,rs11075990,A,G,0.518719617229,0.000833333333333,1,1000GENOMES:phase_3:CEU,0.867368,rs11075985,53805207,chr16,53771295,C,A,0.503143128647,0.0025,0.000898100863841605,0.00253155004831657
chr16,53785981,rs11075990,A,G,0.518719617229,0.000833333333333,1,1000GENOMES:phase_3:CEU,1,rs11075988,53819771,chr16,53785859,G,A,0.526311952751,0.00166666666667,0.000898100863841605,0.0018514805389721
chr16,53785981,rs11075990,A,G,0.518719617229,0.000833333333333,1,1000GENOMES:phase_3:CEU,1,rs11075989,53819877,chr16,53785965,C,T,0.508294899897,0.00333333333333,0.000898100863841605,0.00344541027486706
chr16,53785981,rs11075990,A,G,0.518719617229,0.000833333333333,1,1000GENOMES:phase_3:CEU,1,rs11075991,53819937,chr16,53786025,A,T,0.508980111986,0.0125,0.000898100863841605,0.0129512957680538
chr16,53785981,rs11075990,A,G,0.518719617229,0.000833333333333,1,1000GENOMES:phase_3:CEU,1,rs11075992,53820066,chr16,53786154,T,C,0.534805915857,0.00333333333333,0.000898100863841605,0.00383022416633638
chr16,53785981,rs11075990,A,G,0.518719617229,0.000833333333333,0.979147,1000GENOMES:phase_3:CEU,0.939339,rs11075993,53837144,chr16,53803232,G,T,0.491571445846,0.000833333333333,0.000898100863841605,0.000805726166837471
chr16,53785981,rs11075990,A,G,0.518719617229,0.000833333333333,0.977572,1000GENOMES:phase_3:CEU,0.84585,rs1121980,53809247,chr16,53775335,G,A,0.470942427756,0.0025,0.000898100863841605,0.00222599494122911
chr16,53785981,rs11075990,A,G,0.518719617229,0.000833333333333,0.999999,1000GENOMES:phase_3:CEU,0.812498,rs113935429,53822169,chr16,53788257,AT,A,0.49477087094,0.0025,0.000898100863841605,0.00244837662871571
chr16,53785981,rs11075990,A,G,0.518719617229,0.000833333333333,0.978845,1000GENOMES:phase_3:CEU,0.919811,rs11642015,53802494,chr16,53768582,C,T,0.497736905193,0.00333333333333,0.000898100863841605,0.00330339392592009
chr16,53785981,rs11075990,A,G,0.518719617229,0.000833333333333,0.91502,1000GENOMES:phase_3:CEU,0.820291,rs11642841,53845487,chr16,53811575,C,A,0.531137069962,0.00333333333333,0.000898100863841605,0.00377439395618307
chr16,53785981,rs11075990,A,G,0.518719617229,0.000833333333333,0.977893,1000GENOMES:phase_3:CEU,0.863732,rs11649091,53845169,chr16,53811257,T,G,0.493475902068,0.00333333333333,0.000898100863841605,0.00324774465348416
chr16,53785981,rs11075990,A,G,0.518719617229,0.000833333333333,0.979147,1000GENOMES:phase_3:CEU,0.939339,rs12149574,53840525,chr16,53806613,C,G,0.504151333236,0.01,0.000898100863841605,0.0101657413695514
chr16,53785981,rs11075990,A,G,0.518719617229,0.000833333333333,0.979147,1000GENOMES:phase_3:CEU,0.939339,rs12149832,53842908,chr16,53808996,G,A,0.489233833314,0.00333333333333,0.000898100863841605,0.00319325896104109
chr16,53785981,rs11075990,A,G,0.518719617229,0.000833333333333,0.978845,1000GENOMES:phase_3:CEU,0.919811,rs1421085,53800954,chr16,53767042,T,C,0.50886786525,0.0308333333333,0.000898100863841605,0.031911252960898
chr16,53785981,rs11075990,A,G,0.518719617229,0.000833333333333,0.977572,1000GENOMES:phase_3:CEU,0.84585,rs1421086,53801343,chr16,53767431,C,A,0.517346438427,0.0025,0.000898100863841605,0.00267921719560612
chr16,53785981,rs11075990,A,G,0.518719617229,0.000833333333333,0.977572,1000GENOMES:phase_3:CEU,0.84585,rs1558901,53803187,chr16,53769275,A,T,0.520425583119,0.0125,0.000898100863841605,0.0135503484256928
chr16,53785981,rs11075990,A,G,0.518719617229,0.000833333333333,0.978845,1000GENOMES:phase_3:CEU,0.919811,rs1558902,53803574,chr16,53769662,T,A,0.479443886318,0.0025,0.000898100863841605,0.0023030109320741
chr16,53785981,rs11075990,A,G,0.518719617229,0.000833333333333,1,1000GENOMES:phase_3:CEU,1,rs17817449,53813367,chr16,53779455,T,G,0.483566038844,0.005,0.000898100863841605,0.00468327031713966
chr16,53785981,rs11075990,A,G,0.518719617229,0.000833333333333,1,1000GENOMES:phase_3:CEU,0.97973,rs17817497,53815435,chr16,53781523,T,C,0.526173290067,0.00833333333333,0.000898100863841605,0.00924545674266421
chr16,53785981,rs11075990,A,G,0.518719617229,0.000833333333333,1,1000GENOMES:phase_3:CEU,1,rs17817712,53821125,chr16,53787213,A,G,0.49202218537,0.00666666666667,0.000898100863841605,0.00645861850024587
chr16,53785981,rs11075990,A,G,0.518719617229,0.000833333333333,1,1000GENOMES:phase_3:CEU,0.97973,rs17817964,53828066,chr16,53794154,C,T,0.486912581189,0.00916666666667,0.000898100863841605,0.00870310467978398
chr16,53785981,rs11075990,A,G,0.518719617229,0.000833333333333,0.934942,1000GENOMES:phase_3:CEU,0.822246,rs201399553,53829963,chr16,53796051,T,TTC,0.516486337609,0.005,0.000898100863841605,0.00533914893978266
chr16,53785981,rs11075990,A,G,0.518719617229,0.000833333333333,0.977572,1000GENOMES:phase_3:CEU,0.84585,rs201940822,53799269,chr16,53765357,GACC,G,0.54380925989,0.0133333333333,0.000898100863841605,0.0158536080787849
chr16,53785981,rs11075990,A,G,0.518719617229,0.000833333333333,0.977572,1000GENOMES:phase_3:CEU,0.84585,rs28562191,53799303,chr16,53765391,C,T,0.487492019023,0.00166666666667,0.000898100863841605,0.00158544418991656
chr16,53785981,rs11075990,A,G,0.518719617229,0.000833333333333,0.978532,1000GENOMES:phase_3:CEU,0.900705,rs28567725,53826028,chr16,53792116,T,C,0.53439546854,0.00166666666667,0.000898100863841605,0.00191243811014206
chr16,53785981,rs11075990,A,G,0.518719617229,0.000833333333333,1,1000GENOMES:phase_3:CEU,1,rs3751812,53818460,chr16,53784548,G,T,0.493269890966,0.305,0.000898100863841605,0.299323340091376
chr16,53785981,rs11075990,A,G,0.518719617229,0.000833333333333,1,1000GENOMES:phase_3:CEU,1,rs3751814,53818724,chr16,53784812,G,A,0.516036388313,0.00166666666667,0.000898100863841605,0.00177692215222601
chr16,53785981,rs11075990,A,G,0.518719617229,0.000833333333333,1,1000GENOMES:phase_3:CEU,0.97973,rs530568312,53822514,chr16,53788602,CAAA,C,0.516619946576,0.00666666666667,0.000898100863841605,0.00712183872379862
chr16,53785981,rs11075990,A,G,0.518719617229,0.000833333333333,0.978845,1000GENOMES:phase_3:CEU,0.919811,rs55872725,53809123,chr16,53775211,C,T,0.503055043346,0.00166666666667,0.000898100863841605,0.00168712425838399
chr16,53785981,rs11075990,A,G,0.518719617229,0.000833333333333,0.999999,1000GENOMES:phase_3:CEU,0.940657,rs56094641,53806453,chr16,53772541,A,G,0.520247037677,0.005,0.000898100863841605,0.00541974319105618
chr16,53785981,rs11075990,A,G,0.518719617229,0.000833333333333,1,1000GENOMES:phase_3:CEU,1,rs56313538,53818834,chr16,53784922,A,G,0.492382504713,0.00166666666667,0.000898100863841605,0.00161672630834513
chr16,53785981,rs11075990,A,G,0.518719617229,0.000833333333333,0.977572,1000GENOMES:phase_3:CEU,0.84585,rs57292959,53799279,chr16,53765367,G,T,0.515291427255,0.005,0.000898100863841605,0.00531380034352314
chr16,53785981,rs11075990,A,G,0.518719617229,0.000833333333333,1,1000GENOMES:phase_3:CEU,0.97973,rs62033399,53810943,chr16,53777031,C,T,0.501062969213,0.000833333333333,0.000898100863841605,0.000836881141201113
chr16,53785981,rs11075990,A,G,0.518719617229,0.000833333333333,1,1000GENOMES:phase_3:CEU,1,rs62033400,53811788,chr16,53777876,A,G,0.501404047632,0.00583333333333,0.000898100863841605,0.00586599398247509
chr16,53785981,rs11075990,A,G,0.518719617229,0.000833333333333,1,1000GENOMES:phase_3:CEU,0.959821,rs62033403,53822237,chr16,53788325,A,G,0.518413786525,0.00833333333333,0.000898100863841605,0.00896488204292845
chr16,53785981,rs11075990,A,G,0.518719617229,0.000833333333333,1,1000GENOMES:phase_3:CEU,0.959821,rs62033404,53822239,chr16,53788327,A,G,0.525817977544,0.00666666666667,0.000898100863841605,0.00738726907905399
chr16,53785981,rs11075990,A,G,0.518719617229,0.000833333333333,1,1000GENOMES:phase_3:CEU,0.97973,rs62033405,53822387,chr16,53788475,C,T,0.501133236449,0.005,0.000898100863841605,0.00502260212015695
chr16,53785981,rs11075990,A,G,0.518719617229,0.000833333333333,0.979438,1000GENOMES:phase_3:CEU,0.959299,rs62033406,53824226,chr16,53790314,A,G,0.523724554715,0.00333333333333,0.000898100863841605,0.00366420101940551
chr16,53785981,rs11075990,A,G,0.518719617229,0.000833333333333,1,1000GENOMES:phase_3:CEU,0.97973,rs62033408,53827962,chr16,53794050,A,G,0.496979171856,0.00666666666667,0.000898100863841605,0.00658712245667061
chr16,53785981,rs11075990,A,G,0.518719617229,0.000833333333333,0.979147,1000GENOMES:phase_3:CEU,0.939339,rs62033413,53830055,chr16,53796143,C,G,0.513363571956,0.00166666666667,0.000898100863841605,0.00175804274304902
chr16,53785981,rs11075990,A,G,0.518719617229,0.000833333333333,0.978845,1000GENOMES:phase_3:CEU,0.919811,rs62048402,53803223,chr16,53769311,G,A,0.498531986194,0.00833333333333,0.000898100863841605,0.00828494701724354
chr16,53785981,rs11075990,A,G,0.518719617229,0.000833333333333,1,1000GENOMES:phase_3:CEU,0.97973,rs66908032,53822142,chr16,53788230,C,A,0.507517175909,0,0.000898100863841605,0
chr16,53785981,rs11075990,A,G,0.518719617229,0.000833333333333,1,1000GENOMES:phase_3:CEU,0.97973,rs7185735,53822651,chr16,53788739,A,G,0.486357253775,0.00416666666667,0.000898100863841605,0.0039462003776884
chr16,53785981,rs11075990,A,G,0.518719617229,0.000833333333333,0.97944,1000GENOMES:phase_3:CEU,0.959303,rs71863246,53812770,chr16,53778858,ATTTT,A,0.49516127652,0.0025,0.000898100863841605,0.00245219405954288
chr16,53785981,rs11075990,A,G,0.518719617229,0.000833333333333,1,1000GENOMES:phase_3:CEU,1,rs7187250,53810546,chr16,53776634,C,A,0.476259369205,0.000833333333333,0.000898100863841605,0.000757842279980849
chr16,53785981,rs11075990,A,G,0.518719617229,0.000833333333333,0.978542,1000GENOMES:phase_3:CEU,0.900722,rs7188250,53834607,chr16,53800695,T,C,0.499872740827,0.00166666666667,0.000898100863841605,0.00166581990097316
chr16,53785981,rs11075990,A,G,0.518719617229,0.000833333333333,1,1000GENOMES:phase_3:CEU,0.97973,rs7190396,53822502,chr16,53788590,T,G,0.537381088594,0.00583333333333,0.000898100863841605,0.00676965555626317
chr16,53785981,rs11075990,A,G,0.518719617229,0.000833333333333,1,1000GENOMES:phase_3:CEU,0.97973,rs7193144,53810686,chr16,53776774,T,C,0.515705398758,0.000833333333333,0.000898100863841605,0.000887334426802235
chr16,53785981,rs11075990,A,G,0.518719617229,0.000833333333333,0.978532,1000GENOMES:phase_3:CEU,0.900705,rs7201850,53821862,chr16,53787950,C,T,0.500729732756,0.00583333333333,0.000898100863841605,0.00585028555877495
chr16,53785981,rs11075990,A,G,0.518719617229,0.000833333333333,1,1000GENOMES:phase_3:CEU,0.97973,rs7202116,53821615,chr16,53787703,A,G,0.506286880638,0.00666666666667,0.000898100863841605,0.00683529112309265
chr16,53785981,rs11075990,A,G,0.518719617229,0.000833333333333,1,1000GENOMES:phase_3:CEU,0.97973,rs7202296,53821690,chr16,53787778,A,G,0.525059415379,0.0183333333333,0.000898100863841605,0.0202288505345656
chr16,53785981,rs11075990,A,G,0.518719617229,0.000833333333333,1,1000GENOMES:phase_3:CEU,0.97973,rs7206122,53822440,chr16,53788528,G,A,0.517933416538,0.0025,0.000898100863841605,0.00268550607792024
chr16,53785981,rs11075990,A,G,0.518719617229,0.000833333333333,1,1000GENOMES:phase_3:CEU,0.97973,rs7206410,53821297,chr16,53787385,T,C,0.497651791455,0.00416666666667,0.000898100863841605,0.00412787359781908
chr16,53785981,rs11075990,A,G,0.518719617229,0.000833333333333,0.978532,1000GENOMES:phase_3:CEU,0.900705,rs7206629,53821413,chr16,53787501,T,C,0.484123493841,0,0.000898100863841605,0
chr16,53785981,rs11075990,A,G,0.518719617229,0.000833333333333,1,1000GENOMES:phase_3:CEU,0.97973,rs72803697,53822183,chr16,53788271,C,T,0.490737000357,0.0108333333333,0.000898100863841605,0.0104433533775592
chr16,53785981,rs11075990,A,G,0.518719617229,0.000833333333333,0.979147,1000GENOMES:phase_3:CEU,0.939339,rs72805611,53831354,chr16,53797442,C,T,0.494643061569,0.01,0.000898100863841605,0.00979006942505534
chr16,53785981,rs11075990,A,G,0.518719617229,0.000833333333333,0.979147,1000GENOMES:phase_3:CEU,0.939339,rs72805612,53834608,chr16,53800696,G,A,0.47974491844,0.0025,0.000898100863841605,0.00230578394681411
chr16,53785981,rs11075990,A,G,0.518719617229,0.000833333333333,0.979147,1000GENOMES:phase_3:CEU,0.939339,rs72805613,53837342,chr16,53803430,A,G,0.492190244962,0.000833333333333,0.000898100863841605,0.000807721881896899
chr16,53785981,rs11075990,A,G,0.518719617229,0.000833333333333,1,1000GENOMES:phase_3:CEU,0.97973,rs79994966,53823727,chr16,53789815,T,C,0.504667291299,0.00166666666667,0.000898100863841605,0.00169802179461273
chr16,53785981,rs11075990,A,G,0.518719617229,0.000833333333333,1,1000GENOMES:phase_3:CEU,1,rs8043757,53813450,chr16,53779538,A,T,0.511487346781,0.00666666666667,0.000898100863841605,0.00697801139490728
chr16,53785981,rs11075990,A,G,0.518719617229,0.000833333333333,0.952723,1000GENOMES:phase_3:CEU,0.756089,rs8047587,53798622,chr16,53764710,G,T,0.49483929902,0.000833333333333,0.000898100863841605,0.000816320634260879
chr16,53785981,rs11075990,A,G,0.518719617229,0.000833333333333,1,1000GENOMES:phase_3:CEU,1,rs8050136,53816275,chr16,53782363,C,A,0.481560167416,0.0133333333333,0.000898100863841605,0.012396613070195
chr16,53785981,rs11075990,A,G,0.518719617229,0.000833333333333,1,1000GENOMES:phase_3:CEU,1,rs8051591,53816752,chr16,53782840,A,G,0.497944371621,0.000833333333333,0.000898100863841605,0.00082651493428402
chr16,53785981,rs11075990,A,G,0.518719617229,0.000833333333333,1,1000GENOMES:phase_3:CEU,1,rs8063057,53812433,chr16,53778521,T,C,0.498497858931,0.00166666666667,0.000898100863841605,0.00165669892940833
chr16,53785981,rs11075990,A,G,0.518719617229,0.000833333333333,0.977908,1000GENOMES:phase_3:CEU,0.863759,rs9922619,53831771,chr16,53797859,G,T,0.534809287824,0.0116666666667,0.000898100863841605,0.0133892756986196
chr16,53785981,rs11075990,A,G,0.518719617229,0.000833333333333,0.977908,1000GENOMES:phase_3:CEU,0.863759,rs9922708,53831146,chr16,53797234,C,T,0.50464069373,0.000833333333333,0.000898100863841605,0.000848933975899347
chr16,53785981,rs11075990,A,G,0.518719617229,0.000833333333333,0.977572,1000GENOMES:phase_3:CEU,0.84585,rs9923147,53801549,chr16,53767637,C,T,0.497413195845,0.0025,0.000898100863841605,0.0024743287773405
chr16,53785981,rs11075990,A,G,0.518719617229,0.000833333333333,1,1000GENOMES:phase_3:CEU,1,rs9923233,53819198,chr16,53785286,G,C,0.524925532967,0.00416666666667,0.000898100863841605,0.00460187613510443
chr16,53785981,rs11075990,A,G,0.518719617229,0.000833333333333,1,1000GENOMES:phase_3:CEU,1,rs9923312,53819367,chr16,53785455,G,A,0.477529620301,0.00416666666667,0.000898100863841605,0.00380963245827362
chr16,53785981,rs11075990,A,G,0.518719617229,0.000833333333333,0.977572,1000GENOMES:phase_3:CEU,0.84585,rs9923544,53801985,chr16,53768073,C,T,0.480362763742,0.00916666666667,0.000898100863841605,0.00847971981536005
chr16,53785981,rs11075990,A,G,0.518719617229,0.000833333333333,1,1000GENOMES:phase_3:CEU,1,rs9926289,53820503,chr16,53786591,G,A,0.49423810077,0.00583333333333,0.000898100863841605,0.00570117843540414
chr16,53785981,rs11075990,A,G,0.518719617229,0.000833333333333,0.977572,1000GENOMES:phase_3:CEU,0.84585,rs9928094,53799905,chr16,53765993,A,G,0.501954505394,0.0025,0.000898100863841605,0.00251957231716209
chr16,53785981,rs11075990,A,G,0.518719617229,0.000833333333333,0.977572,1000GENOMES:phase_3:CEU,0.84585,rs9930397,53799985,chr16,53766073,T,A,0.515082174028,0.00166666666667,0.000898100863841605,0.00177015826453574
chr16,53785981,rs11075990,A,G,0.518719617229,0.000833333333333,0.977908,1000GENOMES:phase_3:CEU,0.863759,rs9930501,53830452,chr16,53796540,A,G,0.488210425141,0.000833333333333,0.000898100863841605,0.000794970553417086
chr16,53785981,rs11075990,A,G,0.518719617229,0.000833333333333,0.977908,1000GENOMES:phase_3:CEU,0.863759,rs9930506,53830465,chr16,53796553,A,G,0.529946531942,0.000833333333333,0.000898100863841605,0.000939414881345837
chr16,53785981,rs11075990,A,G,0.518719617229,0.000833333333333,0.978532,1000GENOMES:phase_3:CEU,0.900705,rs9931494,53827179,chr16,53793267,C,G,0.505017181196,0.00333333333333,0.000898100863841605,0.00340067734597866
chr16,53785981,rs11075990,A,G,0.518719617229,0.000833333333333,1,1000GENOMES:phase_3:CEU,0.921739,rs9931900,53818813,chr16,53784901,A,G,0.519411067537,0.00166666666667,0.000898100863841605,0.00180105807526806
chr16,53785981,rs11075990,A,G,0.518719617229,0.000833333333333,0.977908,1000GENOMES:phase_3:CEU,0.863759,rs9932754,53830491,chr16,53796579,T,C,0.508123462528,0.000833333333333,0.000898100863841605,0.000860835050221951
chr16,53785981,rs11075990,A,G,0.518719617229,0.000833333333333,0.977908,1000GENOMES:phase_3:CEU,0.863759,rs9933040,53830867,chr16,53796955,T,A,0.517389753922,0.00583333333333,0.000898100863841605,0.00625108708104671
chr16,53785981,rs11075990,A,G,0.518719617229,0.000833333333333,1,1000GENOMES:phase_3:CEU,0.921739,rs9933509,53818167,chr16,53784255,T,C,0.516612354816,0,0.000898100863841605,0
chr16,53785981,rs11075990,A,G,0.518719617229,0.000833333333333,1,1000GENOMES:phase_3:CEU,1,rs9935401,53816838,chr16,53782926,G,A,0.477310639674,0.0025,0.000898100863841605,0.00228345120450974
chr16,53785981,rs11075990,A,G,0.518719617229,0.000833333333333,1,1000GENOMES:phase_3:CEU,1,rs9936385,53819169,chr16,53785257,T,C,0.511650452757,0.000833333333333,0.000898100863841605,0.000873059936538861
chr16,53785981,rs11075990,A,G,0.518719617229,0.000833333333333,0.977572,1000GENOMES:phase_3:CEU,0.84585,rs9937053,53799507,chr16,53765595,G,A,0.494788263868,0.00749095382474,0.000898100863841605,0.00733753533446276
chr16,53785981,rs11075990,A,G,0.518719617229,0.000833333333333,0.977572,1000GENOMES:phase_3:CEU,0.84585,rs9937354,53799847,chr16,53765935,G,A,0.509808053547,0.00666666666667,0.000898100863841605,0.0069315987509489
chr16,53785981,rs11075990,A,G,0.518719617229,0.000833333333333,0.977572,1000GENOMES:phase_3:CEU,0.84585,rs9937521,53799296,chr16,53765384,C,T,0.509640146845,0.000833333333333,0.000898100863841605,0.000866070508342149
chr16,53785981,rs11075990,A,G,0.518719617229,0.000833333333333,1,1000GENOMES:phase_3:CEU,0.921739,rs9937709,53820813,chr16,53786901,A,G,0.521966099867,0.00666666666667,0.000898100863841605,0.00727488849455714
chr16,53785981,rs11075990,A,G,0.518719617229,0.000833333333333,1,1000GENOMES:phase_3:CEU,1,rs9939609,53820527,chr16,53786615,T,A,0.474900602007,0.0708333333333,0.000898100863841605,0.0644985182846326
chr16,53785981,rs11075990,A,G,0.518719617229,0.000833333333333,0.977572,1000GENOMES:phase_3:CEU,0.84585,rs9939973,53800568,chr16,53766656,G,A,0.494515254601,0.0525,0.000898100863841605,0.0514192829339743
chr16,53785981,rs11075990,A,G,0.518719617229,0.000833333333333,0.977572,1000GENOMES:phase_3:CEU,0.84585,rs9940128,53800754,chr16,53766842,G,A,0.514253293606,0.0108154352736,0.000898100863841605,0.0114428881721005
chr16,53785981,rs11075990,A,G,0.518719617229,0.000833333333333,0.977572,1000GENOMES:phase_3:CEU,0.84585,rs9940278,53800200,chr16,53766288,C,T,0.494718919747,0.00333333333333,0.000898100863841605,0.00326388230716771
chr16,53785981,rs11075990,A,G,0.518719617229,0.000833333333333,0.977572,1000GENOMES:phase_3:CEU,0.84585,rs9940646,53800629,chr16,53766717,C,G,0.507879350922,0.005,0.000898100863841605,0.00515928409276897
chr16,53785981,rs11075990,A,G,0.518719617229,0.000833333333333,0.978532,1000GENOMES:phase_3:CEU,0.900705,rs9941349,53825488,chr16,53791576,C,T,0.499156490721,0.00583333333333,0.000898100863841605,0.00581379883172948
chr16,53785981,rs11075990,A,G,0.518719617229,0.000833333333333,1,1000GENOMES:phase_3:CEU,0.97973,rs9972653,53814363,chr16,53780451,G,T,0.492928748204,0,0.000898100863841605,0
