chr12,56018703,rs1701704,T,G,0.493246639602,0.0025,0.927715,1000GENOMES:phase_3:CEU,0.840766,rs11343216,56368708,chr12,55974924,AT,A,0.483475488123,0.0708333333333,0.00243352855225906,0.0666030274933529
chr12,56018703,rs1701704,T,G,0.493246639602,0.0025,1,1000GENOMES:phase_3:CEU,1,rs141490969,56450107,chr12,56056323,GA,G,0.526350078718,0.0075,0.00243352855225906,0.00832753041208332
chr12,56018703,rs1701704,T,G,0.493246639602,0.0025,1,1000GENOMES:phase_3:CEU,1,rs1689510,56396768,chr12,56002984,G,C,0.504481384573,0.00666666666667,0.00243352855225906,0.00678643268741887
chr12,56018703,rs1701704,T,G,0.493246639602,0.0025,1,1000GENOMES:phase_3:CEU,1,rs1702877,56427808,chr12,56034024,C,T,0.494734474958,0,0.00243352855225906,0
chr12,56018703,rs1701704,T,G,0.493246639602,0.0025,0.951617,1000GENOMES:phase_3:CEU,0.884465,rs2048036,56380119,chr12,55986335,T,A,0.499864027101,0.00416666666667,0.00243352855225906,0.00416441050269046
chr12,56018703,rs1701704,T,G,0.493246639602,0.0025,0.951419,1000GENOMES:phase_3:CEU,0.864014,rs2292239,56482180,chr12,56088396,T,G,0.532715678982,0.00666666666667,0.00243352855225906,0.00759307670189709
chr12,56018703,rs1701704,T,G,0.493246639602,0.0025,1,1000GENOMES:phase_3:CEU,1,rs2456973,56416928,chr12,56023144,A,C,0.503625156784,0.00416666666667,0.00243352855225906,0.0042272699304647
chr12,56018703,rs1701704,T,G,0.493246639602,0.0025,1,1000GENOMES:phase_3:CEU,0.976891,rs2640562,56466473,chr12,56072689,C,T,0.517024118474,0.0025,0.00243352855225906,0.00267577032821264
chr12,56018703,rs1701704,T,G,0.493246639602,0.0025,1,1000GENOMES:phase_3:CEU,1,rs2640564,56455294,chr12,56061510,C,T,0.509255246446,0.000833333333333,0.00243352855225906,0.000864738807727616
chr12,56018703,rs1701704,T,G,0.493246639602,0.0025,1,1000GENOMES:phase_3:CEU,1,rs34813703,56422639,chr12,56028855,CGTG,C,0.516010909315,0.00666666666667,0.00243352855225906,0.00710461477412677
chr12,56018703,rs1701704,T,G,0.493246639602,0.0025,0.950808,1000GENOMES:phase_3:CEU,0.843289,rs36159461,56468832,chr12,56075048,G,GA,0.493985182181,0.0183333333333,0.00243352855225906,0.0179052936405939
chr12,56018703,rs1701704,T,G,0.493246639602,0.0025,0.952013,1000GENOMES:phase_3:CEU,0.885383,rs3741499,56474379,chr12,56080595,T,C,0.528398108703,0.0425,0.00243352855225906,0.0473758952987662
chr12,56018703,rs1701704,T,G,0.493246639602,0.0025,0.952013,1000GENOMES:phase_3:CEU,0.885383,rs4759229,56474480,chr12,56080696,A,G,0.526625409613,0.0391666666667,0.00243352855225906,0.0433814645622559
chr12,56018703,rs1701704,T,G,0.493246639602,0.0025,1,1000GENOMES:phase_3:CEU,0.976891,rs61555617,56441668,chr12,56047884,TA,T,0.458374296144,0.000833333333333,0.00243352855225906,0.00070533490348857
chr12,56018703,rs1701704,T,G,0.493246639602,0.0025,0.951617,1000GENOMES:phase_3:CEU,0.884465,rs61937247,56381484,chr12,55987700,A,C,0.542602300091,0.005,0.00243352855225906,0.00592588667797991
chr12,56018703,rs1701704,T,G,0.493246639602,0.0025,0.951617,1000GENOMES:phase_3:CEU,0.884465,rs61937248,56381705,chr12,55987921,C,T,0.5123113352,0.00333333333333,0.00243352855225906,0.00350103913444373
chr12,56018703,rs1701704,T,G,0.493246639602,0.0025,0.951617,1000GENOMES:phase_3:CEU,0.884465,rs61937249,56381916,chr12,55988132,A,G,0.494790778575,0.00666666666667,0.00243352855225906,0.0065300841829227
chr12,56018703,rs1701704,T,G,0.493246639602,0.0025,0.951419,1000GENOMES:phase_3:CEU,0.864014,rs705696,56480648,chr12,56086864,G,A,0.504205003213,0.0116666666667,0.00243352855225906,0.0118622169650855
chr12,56018703,rs1701704,T,G,0.493246639602,0.0025,0.952607,1000GENOMES:phase_3:CEU,0.90746,rs705698,56384687,chr12,55990903,T,C,0.50463461265,0.4025,0.00243352855225906,0.406966454615939
chr12,56018703,rs1701704,T,G,0.493246639602,0.0025,0.952607,1000GENOMES:phase_3:CEU,0.90746,rs705702,56390636,chr12,55996852,A,G,0.482874191604,0.00166666666667,0.00243352855225906,0.00155644749822794
chr12,56018703,rs1701704,T,G,0.493246639602,0.0025,1,1000GENOMES:phase_3:CEU,1,rs705704,56435412,chr12,56041628,G,A,0.478674773624,0.0166666666667,0.00243352855225906,0.0153240346713361
chr12,56018703,rs1701704,T,G,0.493246639602,0.0025,1,1000GENOMES:phase_3:CEU,1,rs705705,56435504,chr12,56041720,G,C,0.52985727222,0.0433333333333,0.00243352855225906,0.0485699329559135
chr12,56018703,rs1701704,T,G,0.493246639602,0.0025,1,1000GENOMES:phase_3:CEU,0.976689,rs7302200,56449435,chr12,56055651,G,A,0.498319830564,0.00166666666667,0.00243352855225906,0.00165552153223631
chr12,56018703,rs1701704,T,G,0.493246639602,0.0025,0.952607,1000GENOMES:phase_3:CEU,0.90746,rs772920,56390364,chr12,55996580,C,G,0.499660547598,0.00583333333333,0.00243352855225906,0.00582546426055083
chr12,56018703,rs1701704,T,G,0.493246639602,0.0025,1,1000GENOMES:phase_3:CEU,1,rs772921,56403577,chr12,56009793,C,T,0.499406407584,0.0116666666667,0.00243352855225906,0.0116393205727341
chr12,56018703,rs1701704,T,G,0.493246639602,0.0025,0.95057,1000GENOMES:phase_3:CEU,0.861762,rs773107,56369506,chr12,55975722,A,G,0.486281649045,0,0.00243352855225906,0
chr12,56018703,rs1701704,T,G,0.493246639602,0.0025,0.951617,1000GENOMES:phase_3:CEU,0.884465,rs773108,56369911,chr12,55976127,A,G,0.52400833231,0.000833333333333,0.00243352855225906,0.000917320479198729
chr12,56018703,rs1701704,T,G,0.493246639602,0.0025,0.951617,1000GENOMES:phase_3:CEU,0.884465,rs773109,56374695,chr12,55980911,G,A,0.518160404185,0.00833333333333,0.00243352855225906,0.00895586975854524
chr12,56018703,rs1701704,T,G,0.493246639602,0.0025,0.951617,1000GENOMES:phase_3:CEU,0.884465,rs773110,56375137,chr12,55981353,C,G,0.533840086437,0.00666666666667,0.00243352855225906,0.00762719488958544
chr12,56018703,rs1701704,T,G,0.493246639602,0.0025,0.951617,1000GENOMES:phase_3:CEU,0.884465,rs773111,56375740,chr12,55981956,C,A,0.536980399532,0.000833333333333,0.00243352855225906,0.000966317857365399
chr12,56018703,rs1701704,T,G,0.493246639602,0.0025,0.951617,1000GENOMES:phase_3:CEU,0.884465,rs773112,56375881,chr12,55982097,C,T,0.515192882962,0.00416666666667,0.00243352855225906,0.00442666060195548
chr12,56018703,rs1701704,T,G,0.493246639602,0.0025,0.952013,1000GENOMES:phase_3:CEU,0.885383,rs7955865,56468706,chr12,56074922,A,T,0.492162075533,0.00166666666667,0.00243352855225906,0.001615303403813
chr12,56018703,rs1701704,T,G,0.493246639602,0.0025,0.95084,1000GENOMES:phase_3:CEU,0.843347,rs877636,56480583,chr12,56086799,G,A,0.507131569479,0.0075,0.00243352855225906,0.00771536823083572
